active_months,%_active_customers_who_order_each_month
2022-09,19.270358306188925
2022-10,17.63300760043431
2022-11,26.728646135967463
2022-12,17.652342130717148
